,Symbol,Company Name
1,AAL,"American Airlines Group, Inc."
2,AAME,Atlantic American Corporation
3,AAOI,"Applied Optoelectronics, Inc."
4,AAON,"AAON, Inc."
5,AAPL,Apple Inc.
7,AAWW,Atlas Air Worldwide Holdings
8,AAXJ,iShares MSCI All Country Asia ex Japan Index Fund
11,ABCB,Ameris Bancorp
17,ABIO,"ARCA biopharma, Inc."
18,ABMD,"ABIOMED, Inc."
21,ACAD,ACADIA Pharmaceuticals Inc.
24,ACET,Aceto Corporation
26,ACFN,"Acorn Energy, Inc."
27,ACGL,Arch Capital Group Ltd.
28,ACHC,"Acadia Healthcare Company, Inc."
30,ACIW,"ACI Worldwide, Inc."
31,ACLS,"Axcelis Technologies, Inc."
32,ACNB,ACNB Corporation
33,ACOR,"Acorda Therapeutics, Inc."
35,ACRX,"AcelRx Pharmaceuticals, Inc."
37,ACST,"Acasti Pharma, Inc."
39,ACTG,Acacia Research Corporation
41,ACUR,"Acura Pharmaceuticals, Inc."
42,ACWI,iShares MSCI ACWI Index Fund
43,ACWX,iShares MSCI ACWI ex US Index Fund
46,ADBE,Adobe Systems Incorporated
48,ADES,"Advanced Emissions Solutions, Inc."
50,ADI,"Analog Devices, Inc."
51,ADMA,ADMA Biologics Inc
52,ADMP,Adamis Pharmaceuticals Corporation
53,ADMS,"Adamas Pharmaceuticals, Inc."
55,ADP,"Automatic Data Processing, Inc."
58,ADRE,BLDRS Emerging Markets 50 ADR Index Fund
60,ADSK,"Autodesk, Inc."
61,ADTN,"ADTRAN, Inc."
62,ADUS,Addus HomeCare Corporation
64,ADXS,"Advaxis, Inc."
68,AEHR,Aehr Test Systems
69,AEIS,"Advanced Energy Industries, Inc."
71,AERI,"Aerie Pharmaceuticals, Inc."
73,AEY,"ADDvantage Technologies Group, Inc."
74,AEZS,AEterna Zentaris Inc.
78,AFMD,Affimed N.V.
81,AGEN,Agenus Inc.
84,AGIO,"Agios Pharmaceuticals, Inc."
85,AGNC,American Capital Agency Corp.
87,AGNCP,American Capital Agency Corp.
89,AGRX,"Agile Therapeutics, Inc."
90,AGTC,Applied Genetic Technologies Corporation
91,AGYS,"Agilysys, Inc."
92,AGZD,WisdomTree Barclays U.S. Aggregate Bond Zero Duration Fund
94,AHPI,"Allied Healthcare Products, Inc."
95,AIMC,Altra Industrial Motion Corp.
96,AINV,Apollo Investment Corporation
97,AIQ,"Alliance HealthCare Services, Inc."
99,AIRR,First Trust RBA American Industrial Renaissance ETF
100,AIRT,"Air T, Inc."
102,AKAM,"Akamai Technologies, Inc."
104,AKBA,"Akebia Therapeutics, Inc."
107,ALCO,"Alico, Inc."
109,ALDX,"Aldeyra Therapeutics, Inc."
110,ALGN,"Align Technology, Inc."
111,ALGT,Allegiant Travel Company
112,ALIM,"Alimera Sciences, Inc."
113,ALKS,Alkermes plc
115,ALLT,Allot Communications Ltd.
116,ALNY,"Alnylam Pharmaceuticals, Inc."
118,ALOT,Astro
120,ALSK,"Alaska Communications Systems Group, Inc."
121,ALTR,Altera Corporation
125,AMAT,"Applied Materials, Inc."
126,AMBA,"Ambarella, Inc."
127,AMBC,"Ambac Financial Group, Inc."
130,AMCF,Andatee China Marine Fuel Services Corporation
132,AMCX,AMC Networks Inc.
133,AMD,"Advanced Micro Devices, Inc."
135,AMED,Amedisys Inc
136,AMGN,Amgen Inc.
138,AMKR,"Amkor Technology, Inc."
139,AMNB,"American National Bankshares, Inc."
140,AMOT,"Allied Motion Technologies, Inc."
141,AMOV,"America Movil, S.A.B. de C.V."
142,AMPH,"Amphastar Pharmaceuticals, Inc."
143,AMRB,American River Bankshares
145,AMRK,A
146,AMRN,Amarin Corporation plc
147,AMRS,"Amyris, Inc."
148,AMSC,American Superconductor Corporation
149,AMSF,"AMERISAFE, Inc."
152,AMSWA,"American Software, Inc."
153,AMTX,"Aemetis, Inc"
154,AMWD,American Woodmark Corporation
155,AMZN,"Amazon.com, Inc."
156,ANAC,"Anacor Pharmaceuticals, Inc."
158,ANAT,American National Insurance Company
162,ANDE,"The Andersons, Inc."
163,ANGI,"Angie's List, Inc."
164,ANGO,"AngioDynamics, Inc."
165,ANIK,Anika Therapeutics Inc.
166,ANIP,"ANI Pharmaceuticals, Inc."
167,ANSS,"ANSYS, Inc."
168,ANTH,"Anthera Pharmaceuticals, Inc."
169,ANY,Sphere 3D Corp
170,AOSL,Alpha and Omega Semiconductor Limited
172,APDN,Applied DNA Sciences Inc
174,APEI,"American Public Education, Inc."
175,APOG,"Apogee Enterprises, Inc."
180,APTO,"Aptose Biosciences, Inc."
181,APWC,Asia Pacific Wire & Cable Corporation Limited
183,ARAY,Accuray Incorporated
184,ARCB,ArcBest Corporation
185,ARCC,Ares Capital Corporation
191,ARDX,"Ardelyx, Inc."
197,ARKR,Ark Restaurants Corp.
198,ARLP,"Alliance Resource Partners, L.P."
200,ARNA,"Arena Pharmaceuticals, Inc."
201,AROW,Arrow Financial Corporation
204,ARRY,Array BioPharma Inc.
205,ARTNA,Artesian Resources Corporation
206,ARTW,Art's
209,ARWR,Arrowhead Research Corporation
215,ASMB,"Assembly Biosciences, Inc."
217,ASML,ASML Holding N.V.
219,ASPS,Altisource Portfolio Solutions S.A.
221,ASRV,AmeriServ Financial Inc.
222,ASRVP,AmeriServ Financial Inc.
223,ASTC,Astrotech Corporation
224,ASTE,"Astec Industries, Inc."
225,ASTI,"Ascent Solar Technologies, Inc."
226,ASUR,Asure Software Inc
227,ASYS,"Amtech Systems, Inc."
228,ATAI,ATA Inc.
229,ATAX,"America First Multifamily Investors, L.P."
231,ATEC,"Alphatec Holdings, Inc."
232,ATHN,"athenahealth, Inc."
233,ATHX,"Athersys, Inc."
234,ATLC,Atlanticus Holdings Corporation
235,ATLO,Ames National Corporation
237,ATNI,Atlantic Tele
239,ATOS,Atossa Genetics Inc.
240,ATRA,"Atara Biotherapeutics, Inc."
241,ATRC,"AtriCure, Inc."
242,ATRI,ATRION Corporation
244,ATRO,Astronics Corporation
245,ATRS,"Antares Pharma, Inc."
246,ATSG,"Air Transport Services Group, Inc"
248,ATVI,"Activision Blizzard, Inc"
249,AUBN,"Auburn National Bancorporation, Inc."
250,AUDC,AudioCodes Ltd.
254,AUPH,Aurinia Pharmaceuticals Inc
256,AVAV,"AeroVironment, Inc."
257,AVEO,"AVEO Pharmaceuticals, Inc."
258,AVGO,Avago Technologies Limited
260,AVID,"Avid Technology, Inc."
262,AVNW,"Aviat Networks, Inc."
263,AWAY,"HomeAway, Inc."
264,AWRE,"Aware, Inc."
265,AXAS,Abraxas Petroleum Corporation
266,AXDX,"Accelerate Diagnostics, Inc."
267,AXGN,"AxoGen, Inc."
271,AXTI,AXT Inc
272,AZPN,"Aspen Technology, Inc."
276,BANF,BancFirst Corporation
277,BANFP,BancFirst Corporation
278,BANR,Banner Corporation
279,BANX,StoneCastle Financial Corp
281,BBBY,Bed Bath & Beyond Inc.
282,BBC,BioShares Biotechnology Clinical Trials Fund
286,BBGI,"Beasley Broadcast Group, Inc."
293,BBSI,"Barrett Business Services, Inc."
294,BCBP,"BCB Bancorp, Inc. (NJ)"
295,BCLI,Brainstorm Cell Therapeutics Inc.
297,BCOR,"Blucora, Inc."
298,BCOV,Brightcove Inc.
299,BCPC,Balchem Corporation
300,BCRX,"BioCryst Pharmaceuticals, Inc."
306,BDSI,"BioDelivery Sciences International, Inc."
309,BEBE,"bebe stores, inc."
310,BECN,"Beacon Roofing Supply, Inc."
311,BELFA,Bel Fuse Inc.
312,BELFB,Bel Fuse Inc.
313,BFIN,BankFinancial Corporation
314,BGCP,"BGC Partners, Inc."
315,BGFV,Big 5 Sporting Goods Corporation
316,BGMD,"BG Medicine, Inc."
318,BIB,ProShares Ultra Nasdaq Biotechnology
319,BICK,First Trust BICK Index Fund
320,BIDU,"Baidu, Inc."
321,BIIB,Biogen Idec Inc.
323,BIOC,"Biocept, Inc."
325,BIOL,"Biolase, Inc."
328,BIS,ProShares UltraShort Nasdaq Biotechnology
329,BJRI,"BJ's Restaurants, Inc."
330,BKCC,BlackRock Kelso Capital Corporation
331,BKEP,"Blueknight Energy Partners L.P., L.L.C."
332,BKEPP,"Blueknight Energy Partners L.P., L.L.C."
334,BKSC,Bank of South Carolina Corp.
336,BLCM,"Bellicum Pharmaceuticals, Inc."
337,BLDP,"Ballard Power Systems, Inc."
338,BLDR,"Builders FirstSource, Inc."
339,BLFS,"BioLife Solutions, Inc."
340,BLIN,"Bridgeline Digital, Inc."
341,BLKB,"Blackbaud, Inc."
342,BLMN,"Bloomin' Brands, Inc."
344,BLRX,BioLineRx Ltd.
345,BLUE,"bluebird bio, Inc."
349,BMRC,Bank of Marin Bancorp
350,BMRN,BioMarin Pharmaceutical Inc.
351,BMTC,Bryn Mawr Bank Corporation
354,BNDX,Vanguard Total International Bond ETF
355,BNFT,"Benefitfocus, Inc."
356,BNSO,"Bonso Electronics International, Inc."
358,BOCH,Bank of Commerce Holdings (CA)
360,BOKF,BOK Financial Corporation
363,BOOM,Dynamic Materials Corporation
364,BOSC,B.O.S. Better Online Solutions
366,BOTJ,"Bank of the James Financial Group, Inc."
370,BPOP,"Popular, Inc."
371,BPOPM,"Popular, Inc."
372,BPOPN,"Popular, Inc."
373,BPTH,Bio
378,BRID,Bridgford Foods Corporation
379,BRKL,"Brookline Bancorp, Inc."
380,BRKR,Bruker Corporation
381,BRKS,"Brooks Automation, Inc."
384,BSET,"Bassett Furniture Industries, Incorporated"
387,BSPM,"Biostar Pharmaceuticals, Inc."
388,BSQR,BSQUARE Corporation
389,BSRR,Sierra Bancorp
392,BUR,Burcon NutraScience Corp
393,BUSE,First Busey Corporation
394,BV,"Bazaarvoice, Inc."
397,BWEN,"Broadwind Energy, Inc."
398,BWFG,"Bankwell Financial Group, Inc."
403,BYFC,Broadway Financial Corporation
406,CAAS,"China Automotive Systems, Inc."
407,CAC,Camden National Corporation
409,CACC,Credit Acceptance Corporation
410,CACG,Chart Acquisition Corp.
413,CACH,"Cache, Inc."
420,CAKE,The Cheesecake Factory Incorporated
421,CALA,"Calithera Biosciences, Inc."
423,CALI,China Auto Logistics Inc.
425,CALM,Cal
429,CAMP,CalAmp Corp.
430,CAMT,Camtek Ltd.
433,CAR,"Avis Budget Group, Inc."
434,CARA,"Cara Therapeutics, Inc."
438,CARV,"Carver Bancorp, Inc."
439,CARZ,First Trust NASDAQ Global Auto Index Fund
440,CASH,"Meta Financial Group, Inc."
441,CASI,"CASI Pharmaceuticals, Inc."
443,CASS,"Cass Information Systems, Inc"
444,CASY,"Caseys General Stores, Inc."
446,CATY,Cathay General Bancorp
450,CBAN,"Colony Bankcorp, Inc."
451,CBAY,CymaBay Therapeutics Inc.
454,CBFV,"CB Financial Services, Inc."
456,CBLI,"Cleveland BioLabs, Inc."
460,CBNK,"Chicopee Bancorp, Inc."
461,CBOE,"CBOE Holdings, Inc."
463,CBRL,"Cracker Barrel Old Country Store, Inc."
465,CBSH,"Commerce Bancshares, Inc."
469,CCBG,Capital City Bank Group
473,CCLP,CSI Compressco LP
474,CCMP,Cabot Microelectronics Corporation
475,CCNE,CNB Financial Corporation
476,CCOI,"Cogent Communications Holdings, Inc."
477,CCRN,"Cross Country Healthcare, Inc."
479,CCXI,"ChemoCentryx, Inc."
480,CDC,Compass EMP U S EQ Income 100 Enhanced Volatility Weighted Fund
481,CDK,"CDK Global, Inc."
482,CDNA,"CareDx, Inc."
483,CDNS,"Cadence Design Systems, Inc."
484,CDTI,"Clean Diesel Technologies, Inc."
485,CDW,CDW Corporation
486,CDXS,"Codexis, Inc."
487,CDZI,"Cadiz, Inc."
488,CECE,CECO Environmental Corp.
492,CEMI,"Chembio Diagnostics, Inc."
494,CENT,Central Garden & Pet Company
495,CENTA,Central Garden & Pet Company
496,CENX,Century Aluminum Company
497,CERE,"Ceres, Inc."
498,CERN,Cerner Corporation
499,CERS,Cerus Corporation
502,CEVA,"CEVA, Inc."
503,CFA,Compass EMP US 500 Volatility Weighted Index ETF
504,CFBK,Central Federal Corporation
505,CFFI,C&F Financial Corporation
506,CFFN,"Capitol Federal Financial, Inc."
508,CFNB,California First National Bancorp
510,CFO,Compass EMP US 500 Enhanced Volatility Weighted Index ETF
511,CFRX,ContraFect Corporation
514,CG,The Carlyle Group L.P.
515,CGEN,Compugen Ltd.
517,CGNX,Cognex Corporation
518,CGO,Calamos Global Total Return Fund
519,CHCI,"Comstock Holding Companies, Inc."
520,CHCO,City Holding Company
521,CHDN,"Churchill Downs, Incorporated"
522,CHEF,"The Chefs' Warehouse, Inc."
526,CHI,Calamos Convertible Opportunities and Income Fund
528,CHKP,Check Point Software Technologies Ltd.
530,CHMG,Chemung Financial Corp
531,CHNR,"China Natural Resources, Inc."
533,CHRS,"Coherus BioSciences, Inc."
534,CHRW,"C.H. Robinson Worldwide, Inc."
535,CHSCM,CHS Inc
536,CHSCN,CHS Inc
537,CHSCO,CHS Inc
538,CHSCP,CHS Inc
539,CHTR,"Charter Communications, Inc."
540,CHUY,"Chuy's Holdings, Inc."
541,CHW,Calamos Global Dynamic Income Fund
543,CHY,Calamos Convertible and High Income Fund
545,CIDM,Cinedigm Corp
548,CINF,Cincinnati Financial Corporation
551,CIZ,Compass EMP Developed 500 Enhanced Volatility Weighted Index ETF
552,CIZN,Citizens Holding Company
553,CJJD,China Jo
562,CLDX,"Celldex Therapeutics, Inc."
563,CLFD,"Clearfield, Inc."
564,CLIR,ClearSign Combustion Corporation
566,CLMT,"Calumet Specialty Products Partners, L.P."
567,CLNE,Clean Energy Fuels Corp.
569,CLRB,"Cellectar Biosciences, Inc."
571,CLRO,"ClearOne, Inc."
573,CLSN,Celsion Corporation
576,CLVS,"Clovis Oncology, Inc."
577,CLWT,Euro Tech Holdings Company Limited
578,CMCO,Columbus McKinnon Corporation
579,CMCSA,Comcast Corporation
581,CMCT,CIM Commercial Trust Corporation
582,CME,CME Group Inc.
585,CMLS,Cumulus Media Inc.
586,CMPR,Cimpress N.V
587,CMRX,"Chimerix, Inc."
589,CMTL,Comtech Telecommunications Corp.
591,CNBKA,"Century Bancorp, Inc."
592,CNCE,"Concert Pharmaceuticals, Inc."
594,CNET,"ChinaNet Online Holdings, Inc."
600,CNMD,CONMED Corporation
601,CNOB,"ConnectOne Bancorp, Inc."
603,CNSL,"Consolidated Communications Holdings, Inc."
605,CNTY,"Century Casinos, Inc."
613,COHR,"Coherent, Inc."
614,COHU,"Cohu, Inc."
615,COKE,Coca
616,COLB,"Columbia Banking System, Inc."
617,COLM,Columbia Sportswear Company
618,COMM,"CommScope Holding Company, Inc."
619,COMT,iShares Commodities Select Strategy ETF
620,CONE,CyrusOne Inc
621,CONN,"Conn's, Inc."
622,COOL,Majesco Entertainment Company
623,CORE,Core
625,CORT,Corcept Therapeutics Incorporated
627,COST,Costco Wholesale Corporation
629,COWN,"Cowen Group, Inc."
630,COWNL,"Cowen Group, Inc."
633,CPHC,Canterbury Park Holding Corporation
636,CPIX,Cumberland Pharmaceuticals Inc.
638,CPLP,Capital Product Partners L.P.
639,CPRT,"Copart, Inc."
640,CPRX,"Catalyst Pharmaceutical Partners, Inc."
641,CPSI,"Computer Programs and Systems, Inc."
642,CPSS,"Consumer Portfolio Services, Inc."
646,CRAI,"CRA International,Inc."
651,CREE,"Cree, Inc."
652,CREG,China Recycling Energy Corporation
653,CRESW,Cresud S.A.C.I.F. y A.
654,CRESY,Cresud S.A.C.I.F. y A.
655,CRIS,"Curis, Inc."
657,CRMT,America's Car
658,CRNT,Ceragon Networks Ltd.
659,CROX,"Crocs, Inc."
663,CRTO,Criteo S.A.
664,CRUS,"Cirrus Logic, Inc."
665,CRVL,CorVel Corp.
667,CRWS,"Crown Crafts, Inc."
671,CSCO,"Cisco Systems, Inc."
672,CSF,Compass EMP U.S. Discovery 500 Enhanced Volatility Weighted Fund
674,CSGP,"CoStar Group, Inc."
675,CSGS,"CSG Systems International, Inc."
676,CSII,"Cardiovascular Systems, Inc."
677,CSIQ,Canadian Solar Inc.
678,CSOD,"Cornerstone OnDemand, Inc."
679,CSPI,CSP Inc.
680,CSQ,Calamos Strategic Total Return Fund
682,CSTE,CaesarStone Sdot
684,CSWC,Capital Southwest Corporation
685,CTAS,Cintas Corporation
686,CTBI,"Community Trust Bancorp, Inc."
689,CTG,"Computer Task Group, Incorporated"
690,CTHR,Charles & Colvard Ltd
691,CTIB,CTI Industries Corporation
692,CTIC,CTI BioPharma Corp.
693,CTRE,"CareTrust REIT, Inc."
695,CTRN,"Citi Trends, Inc."
698,CTSH,Cognizant Technology Solutions Corporation
699,CTSO,Cytosorbents Corporation
701,CTXS,"Citrix Systems, Inc."
703,CUBA,"The Herzfeld Caribbean Basin Fund, Inc."
706,CUTR,"Cutera, Inc."
707,CVBF,CVB Financial Corporation
708,CVCO,"Cavco Industries, Inc."
709,CVCY,Central Valley Community Bancorp
710,CVGI,"Commercial Vehicle Group, Inc."
711,CVGW,"Calavo Growers, Inc."
712,CVLT,"CommVault Systems, Inc."
713,CVLY,"Codorus Valley Bancorp, Inc"
715,CVV,CVD Equipment Corporation
717,CWBC,Community West Bancshares
718,CWCO,Consolidated Water Co. Ltd.
719,CWST,"Casella Waste Systems, Inc."
720,CXDC,China XD Plastics Company Limited
722,CYAN,Cyanotech Corporation
723,CYBE,CyberOptics Corporation
724,CYBR,CyberArk Software Ltd.
726,CYCC,"Cyclacel Pharmaceuticals, Inc."
727,CYCCP,"Cyclacel Pharmaceuticals, Inc."
731,CYRN,CYREN Ltd.
732,CYTK,"Cytokinetics, Incorporated"
733,CYTR,CytRx Corporation
736,CZNC,Citizens & Northern Corp
737,CZR,Caesars Entertainment Corporation
738,CZWI,"Citizens Community Bancorp, Inc."
740,DAIO,Data I/O Corporation
741,DAKT,"Daktronics, Inc."
745,DAX,Recon Capital DAX Germany ETF
746,DBVT,DBV Technologies S.A.
748,DCOM,"Dime Community Bancshares, Inc."
749,DCTH,"Delcath Systems, Inc."
750,DENN,Denny's Corporation
758,DGICA,"Donegal Group, Inc."
759,DGICB,"Donegal Group, Inc."
760,DGII,Digi International Inc.
762,DGLY,"Digital Ally, Inc."
763,DGRE,WisdomTree Emerging Markets Dividend Growth Fund
764,DGRS,WisdomTree U.S. SmallCap Dividend Growth Fund
765,DGRW,WisdomTree U.S. Dividend Growth Fund
766,DHIL,"Diamond Hill Investment Group, Inc."
768,DIOD,Diodes Incorporated
769,DISCA,"Discovery Communications, Inc."
770,DISCB,"Discovery Communications, Inc."
771,DISCK,"Discovery Communications, Inc."
772,DISH,DISH Network Corporation
773,DJCO,Daily Journal Corp. (S.C.)
776,DLHC,DLH Holdings Corp.
777,DLTR,"Dollar Tree, Inc."
778,DMLP,"Dorchester Minerals, L.P."
780,DMRC,Digimarc Corporation
783,DORM,"Dorman Products, Inc."
785,DOX,Amdocs Limited
789,DRIV,"Digital River, Inc."
790,DRNA,"Dicerna Pharmaceuticals, Inc."
791,DRRX,DURECT Corporation
797,DSGX,The Descartes Systems Group Inc.
801,DSPG,"DSP Group, Inc."
802,DSWL,"Deswell Industries, Inc."
810,DVAX,Dynavax Technologies Corporation
813,DWAT,Arrow DWA Tactical ETF
815,DWSN,Dawson Geophysical Company
816,DXCM,"DexCom, Inc."
817,DXGE,WisdomTree Germany Hedged Equity Fund
818,DXJS,WisdomTree Japan Hedged SmallCap Equity Fund
820,DXLG,"Destination XL Group, Inc."
822,DXPE,"DXP Enterprises, Inc."
824,DXYN,"The Dixie Group, Inc."
826,DYNT,Dynatronics Corporation
827,DYSL,Dynasil Corporation of America
828,EA,Electronic Arts Inc.
829,EAC,Erickson Incorporated
830,EARS,Auris Medical Holding AG
831,EBAY,eBay Inc.
833,EBIX,"Ebix, Inc."
834,EBMT,"Eagle Bancorp Montana, Inc."
835,EBSB,"Meridian Bancorp, Inc."
836,EBTC,Enterprise Bancorp Inc
837,ECHO,"Echo Global Logistics, Inc."
838,ECOL,"US Ecology, Inc."
839,ECPG,Encore Capital Group Inc
840,ECTE,"Echo Therapeutics, Inc."
842,EDAP,EDAP TMS S.A.
845,EDUC,Educational Development Corporation
846,EEFT,"Euronet Worldwide, Inc."
848,EEMA,iShares MSCI Emerging Markets Asia Index Fund
852,EFOI,"Energy Focus, Inc."
853,EFSC,Enterprise Financial Services Corporation
855,EGAN,eGain Corporation
856,EGBN,"Eagle Bancorp, Inc."
857,EGHT,8x8 Inc
858,EGLE,Eagle Bulk Shipping Inc.
862,EGRX,"Eagle Pharmaceuticals, Inc."
864,EHTH,"eHealth, Inc."
871,ELSE,Electro
872,ELTK,Eltek Ltd.
873,EMCB,WisdomTree Emerging Markets Corporate Bond Fund
874,EMCF,Emclaire Financial Corp
879,EMIF,iShares S&P Emerging Markets Infrastructure Index Fund
881,EMKR,EMCORE Corporation
882,EML,Eastern Company (The)
883,EMMS,Emmis Communications Corporation
885,ENDP,Endo International plc
887,ENG,ENGlobal Corporation
889,ENPH,"Enphase Energy, Inc."
890,ENSG,"The Ensign Group, Inc."
892,ENTA,"Enanta Pharmaceuticals, Inc."
893,ENTG,"Entegris, Inc."
894,ENTR,"Entropic Communications, Inc."
895,ENVI,"Envivio, Inc."
896,ENZN,"Enzon Pharmaceuticals, Inc."
900,EPAY,"Bottomline Technologies, Inc."
903,EPZM,"Epizyme, Inc."
904,EQIX,"Equinix, Inc."
906,ERIC,Ericsson
907,ERIE,Erie Indemnity Company
908,ERII,"Energy Recovery, Inc."
913,ESBK,Elmira Savings Bank NY (The)
914,ESCA,"Escalade, Incorporated"
915,ESCR,Escalera Resources Co.
917,ESEA,Euroseas Ltd.
918,ESGR,Enstar Group Limited
920,ESLT,Elbit Systems Ltd.
922,ESPR,"Esperion Therapeutics, Inc."
924,ESSA,"ESSA Bancorp, Inc."
926,ESXB,Community Bankers Trust Corporation.
930,EUFN,iShares MSCI Europe Financials Sector Index Fund
935,EVK,Ever
936,EVLV,EVINE Live Inc.
937,EVOK,"Evoke Pharma, Inc."
938,EVOL,"Evolving Systems, Inc."
940,EWBC,"East West Bancorp, Inc."
943,EXAS,Exact Sciences Corporation
944,EXEL,"Exelixis, Inc."
945,EXFO,EXFO Inc
947,EXLS,"ExlService Holdings, Inc."
948,EXPD,"Expeditors International of Washington, Inc."
949,EXPE,"Expedia, Inc."
950,EXPO,"Exponent, Inc."
951,EXTR,"Extreme Networks, Inc."
953,EYES,"Second Sight Medical Products, Inc."
955,EZPW,"EZCORP, Inc."
957,FANG,"Diamondback Energy, Inc."
958,FARM,Farmer Brothers Company
959,FARO,"FARO Technologies, Inc."
960,FAST,Fastenal Company
961,FATE,"Fate Therapeutics, Inc."
962,FB,"Facebook, Inc."
963,FBIZ,"First Business Financial Services, Inc."
964,FBMS,"The First Bancshares, Inc."
965,FBNC,First Bancorp
969,FCAP,"First Capital, Inc."
970,FCBC,"First Community Bancshares, Inc."
971,FCCO,First Community Corporation
972,FCCY,1st Constitution Bancorp (NJ)
973,FCEL,"FuelCell Energy, Inc."
974,FCFS,"First Cash Financial Services, Inc."
977,FCNCA,"First Citizens BancShares, Inc."
985,FDIV,First Trust Strategic Income ETF
987,FDUS,Fidus Investment Corporation
989,FEIM,"Frequency Electronics, Inc."
990,FELE,"Franklin Electric Co., Inc."
991,FEMB,First Trust Emerging Markets Local Currency Bond ETF
993,FEUZ,First Trust Eurozone AlphaDEX ETF
994,FEYE,"FireEye, Inc."
995,FFBC,First Financial Bancorp.
997,FFHL,"Fuwei Films (Holdings) Co., Ltd."
998,FFIC,Flushing Financial Corporation
999,FFIN,"First Financial Bankshares, Inc."
1000,FFIV,"F5 Networks, Inc."
1003,FFNW,"First Financial Northwest, Inc."
1004,FFWM,First Foundation Inc.
1005,FGEN,"FibroGen, Inc"
1007,FIBK,"First Interstate BancSystem, Inc."
1010,FISI,"Financial Institutions, Inc."
1011,FISV,"Fiserv, Inc."
1012,FITB,Fifth Third Bancorp
1013,FITBI,Fifth Third Bancorp
1014,FIVE,"Five Below, Inc."
1015,FIVN,"Five9, Inc."
1016,FIZZ,National Beverage Corp.
1018,FLDM,Fluidigm Corporation
1019,FLEX,Flextronics International Ltd.
1020,FLIC,The First of Long Island Corporation
1022,FLL,"Full House Resorts, Inc."
1024,FLWS,1
1025,FLXN,"Flexion Therapeutics, Inc."
1026,FLXS,"Flexsteel Industries, Inc."
1027,FMB,First Trust Managed Municipal ETF
1028,FMBH,First Mid
1029,FMBI,"First Midwest Bancorp, Inc."
1032,FMNB,Farmers National Banc Corp.
1036,FNHC,Federated National Holding Company
1038,FNLC,"First Bancorp, Inc (ME)"
1041,FOLD,"Amicus Therapeutics, Inc."
1044,FONR,Fonar Corporation
1045,FORD,"Forward Industries, Inc."
1046,FORM,"FormFactor, Inc."
1047,FORR,"Forrester Research, Inc."
1048,FORTY,Formula Systems (1985) Ltd.
1049,FOSL,"Fossil Group, Inc."
1050,FOX,Twenty
1051,FOXA,Twenty
1052,FOXF,Fox Factory Holding Corp.
1054,FPXI,First Trust International IPO ETF
1056,FRBA,First Bank
1057,FRBK,"Republic First Bancorp, Inc."
1059,FREE,FreeSeas Inc.
1060,FRGI,"Fiesta Restaurant Group, Inc."
1061,FRME,First Merchants Corporation
1063,FRPH,"FRP Holdings, Inc."
1065,FRPT,"Freshpet, Inc."
1069,FSBW,"FS Bancorp, Inc."
1072,FSFG,"First Savings Financial Group, Inc."
1075,FSLR,"First Solar, Inc."
1078,FSTR,L.B. Foster Company
1080,FTCS,First Trust Capital Strength ETF
1082,FTEK,"Fuel Tech, Inc."
1083,FTGC,First Trust Global Tactical Commodity Strategy Fund
1084,FTHI,First Trust High Income ETF
1085,FTLB,First Trust Low Beta Income ETF
1086,FTNT,"Fortinet, Inc."
1088,FTSL,First Trust Senior Loan Fund ETF
1089,FTSM,First Trust Enhanced Short Maturity ETF
1093,FULT,Fulton Financial Corporation
1094,FUNC,First United Corporation
1095,FUND,"Royce Focus Trust, Inc."
1096,FV,First Trust Dorsey Wright Focus 5 ETF
1098,FWP,Forward Pharma A/S
1099,FWRD,Forward Air Corporation
1103,GABC,"German American Bancorp, Inc."
1105,GAIA,"Gaiam, Inc."
1106,GAIN,Gladstone Investment Corporation
1110,GALT,Galectin Therapeutics Inc.
1113,GAME,Shanda Games Limited
1115,GASS,"StealthGas, Inc."
1116,GBCI,"Glacier Bancorp, Inc."
1117,GBDC,"Golub Capital BDC, Inc."
1118,GBIM,"GlobeImmune, Inc."
1119,GBLI,Global Indemnity plc
1122,GCBC,"Greene County Bancorp, Inc."
1125,GENC,Gencor Industries Inc.
1126,GENE,Genetic Technologies Ltd
1127,GEOS,Geospace Technologies Corporation
1128,GERN,Geron Corporation
1130,GEVO,"Gevo, Inc."
1131,GFED,"Guaranty Federal Bancshares, Inc."
1139,GGAL,Grupo Financiero Galicia S.A.
1141,GIFI,"Gulf Island Fabrication, Inc."
1142,GIGA,Giga
1143,GIGM,GigaMedia Limited
1144,GIII,G
1145,GILD,"Gilead Sciences, Inc."
1146,GILT,Gilat Satellite Networks Ltd.
1147,GK,"G&K Services, Inc."
1149,GLAD,Gladstone Capital Corporation
1151,GLBS,Globus Maritime Limited
1152,GLBZ,Glen Burnie Bancorp
1154,GLDD,Great Lakes Dredge & Dock Corporation
1155,GLDI,Credit Suisse AG
1156,GLMD,Galmed Pharmaceuticals Ltd.
1157,GLNG,Golar LNG Limited
1158,GLPI,"Gaming and Leisure Properties, Inc."
1159,GLRE,"Greenlight Reinsurance, Ltd."
1160,GLRI,Glori Energy Inc
1162,GLYC,"GlycoMimetics, Inc."
1167,GNCA,"Genocea Biosciences, Inc."
1169,GNMA,iShares Core GNMA Bond ETF
1171,GNTX,Gentex Corporation
1173,GOGO,Gogo Inc.
1174,GOLD,Randgold Resources Limited
1176,GOOD,Gladstone Commercial Corporation
1177,GOODN,Gladstone Commercial Corporation
1178,GOODO,Gladstone Commercial Corporation
1180,GOOG,Google Inc.
1181,GOOGL,Google Inc.
1183,GPOR,Gulfport Energy Corporation
1184,GPRE,"Green Plains, Inc."
1185,GPRO,"GoPro, Inc."
1186,GRBK,"Green Brick Partners, Inc."
1187,GRFS,"Grifols, S.A."
1188,GRID,First Trust NASDAQ Clean Edge Smart Grid Infrastructure Index Fund
1190,GRMN,Garmin Ltd.
1191,GROW,"U.S. Global Investors, Inc."
1192,GRPN,"Groupon, Inc."
1193,GRVY,"GRAVITY Co., Ltd."
1194,GSBC,"Great Southern Bancorp, Inc."
1195,GSIG,"GSI Group, Inc."
1196,GSIT,"GSI Technology, Inc."
1197,GSM,Globe Specialty Metals Inc.
1200,GT,The Goodyear Tire & Rubber Company
1201,GTIM,Good Times Restaurants Inc.
1203,GTLS,"Chart Industries, Inc."
1208,GULTU,Gulf Coast Ultra Deep Royalty Trust
1209,GURE,"Gulf Resources, Inc."
1210,GWGH,"GWG Holdings, Inc"
1212,GYRO,"Gyrodyne Company of America, Inc."
1213,HA,"Hawaiian Holdings, Inc."
1215,HAFC,Hanmi Financial Corporation
1216,HAIN,"The Hain Celestial Group, Inc."
1217,HALL,"Hallmark Financial Services, Inc."
1218,HALO,"Halozyme Therapeutics, Inc."
1220,HAS,"Hasbro, Inc."
1223,HAYN,"Haynes International, Inc."
1224,HBAN,Huntington Bancshares Incorporated
1225,HBANP,Huntington Bancshares Incorporated
1226,HBCP,"Home Bancorp, Inc."
1228,HBIO,"Harvard Bioscience, Inc."
1230,HBMD,"Howard Bancorp, Inc."
1231,HBNC,Horizon Bancorp (IN)
1234,HBP,"Huttig Building Products, Inc."
1240,HCCI,Heritage
1241,HCKT,"The Hackett Group, Inc."
1243,HCSG,"Healthcare Services Group, Inc."
1252,HDSN,"Hudson Technologies, Inc."
1253,HEAR,Turtle Beach Corporation
1254,HEES,"H&E Equipment Services, Inc."
1255,HELE,Helen of Troy Limited
1257,HERO,"Hercules Offshore, Inc."
1259,HFBL,"Home Federal Bancorp, Inc. of Louisiana"
1261,HFWA,Heritage Financial Corporation
1262,HGSH,"China HGS Real Estate, Inc."
1263,HIBB,"Hibbett Sports, Inc."
1264,HIFS,Hingham Institution for Savings
1265,HIHO,Highway Holdings Limited
1268,HIMX,"Himax Technologies, Inc."
1270,HLIT,Harmonic Inc.
1272,HMHC,Houghton Mifflin Harcourt Company
1274,HMNF,"HMN Financial, Inc."
1275,HMNY,Helios and Matheson Analytics Inc
1277,HMST,"HomeStreet, Inc."
1279,HMTV,"Hemisphere Media Group, Inc."
1281,HNNA,"Hennessy Advisors, Inc."
1282,HNRG,Hallador Energy Company
1284,HOFT,Hooker Furniture Corporation
1285,HOLI,"Hollysys Automation Technologies, Ltd."
1286,HOLX,"Hologic, Inc."
1287,HOMB,"Home BancShares, Inc."
1290,HOVNP,Hovnanian Enterprises Inc
1293,HQY,"HealthEquity, Inc."
1294,HRTX,"Heron Therapeutics, Inc."
1295,HRZN,Horizon Technology Finance Corporation
1297,HSIC,"Henry Schein, Inc."
1298,HSII,"Heidrick & Struggles International, Inc."
1299,HSKA,Heska Corporation
1302,HSON,"Hudson Global, Inc."
1303,HSTM,"HealthStream, Inc."
1304,HTBI,"HomeTrust Bancshares, Inc."
1305,HTBK,Heritage Commerce Corp
1306,HTBX,"Heat Biologics, Inc."
1308,HTHT,"China Lodging Group, Limited"
1309,HTLD,"Heartland Express, Inc."
1310,HTLF,"Heartland Financial USA, Inc."
1313,HUBG,"Hub Group, Inc."
1314,HURC,"Hurco Companies, Inc."
1315,HURN,Huron Consulting Group Inc.
1317,HWBK,"Hawthorn Bancshares, Inc."
1319,HWKN,"Hawkins, Inc."
1321,HYLS,First Trust High Yield Long/Short ETF
1323,HYZD,WisdomTree BofA Merrill Lynch High Yield Bond Zero Duration Fund
1324,HZNP,Horizon Pharma plc
1326,IART,Integra LifeSciences Holdings Corporation
1327,IBB,iShares Nasdaq Biotechnology Index Fund
1329,IBCP,Independent Bank Corporation
1331,IBKR,"Interactive Brokers Group, Inc."
1332,IBOC,International Bancshares Corporation
1333,IBTX,"Independent Bank Group, Inc"
1334,ICAD,icad inc.
1335,ICCC,ImmuCell Corporation
1337,ICFI,"ICF International, Inc."
1338,ICLD,"InterCloud Systems, Inc"
1340,ICLN,iShares S&P Global Clean Energy Index Fund
1341,ICLR,ICON plc
1342,ICON,"Iconix Brand Group, Inc."
1343,ICPT,"Intercept Pharmaceuticals, Inc."
1344,ICUI,"ICU Medical, Inc."
1345,IDCC,"InterDigital, Inc."
1346,IDRA,"Idera Pharmaceuticals, Inc."
1350,IDXX,"IDEXX Laboratories, Inc."
1351,IEP,Icahn Enterprises L.P.
1352,IESC,"Integrated Electrical Services, Inc."
1353,IEUS,iShares MSCI Europe Small
1356,IFGL,iShares FTSE EPRA/NAREIT Global Real Estate ex
1359,IFV,First Trust Dorsey Wright International Focus 5 ETF
1360,IGLD,Internet Gold Golden Lines Ltd.
1361,IGOV,iShares S&P/Citigroup International Treasury Bond Fund
1363,III,"Information Services Group, Inc."
1364,IIIN,"Insteel Industries, Inc."
1367,IIN,IntriCon Corporation
1368,IIVI,II
1371,IKNX,Ikonics Corporation
1372,ILMN,"Illumina, Inc."
1374,IMGN,"ImmunoGen, Inc."
1376,IMKTA,"Ingles Markets, Incorporated"
1377,IMMR,Immersion Corporation
1381,IMOS,ChipMOS TECHNOLOGIES (Bermuda) LTD.
1384,INBK,First Internet Bancorp
1386,INCY,Incyte Corporation
1387,INDB,Independent Bank Corp.
1388,INDY,iShares S&P India Nifty 50 Index Fund
1390,INFI,"Infinity Pharmaceuticals, Inc."
1391,INFN,Infinera Corporation
1392,INGN,"Inogen, Inc"
1395,INO,"Inovio Pharmaceuticals, Inc."
1396,INOD,Innodata Inc.
1398,INSM,"Insmed, Inc."
1400,INTC,Intel Corporation
1401,INTG,The Intergroup Corporation
1404,INTU,Intuit Inc.
1406,INVE,"Identiv, Inc."
1407,INVT,"Inventergy Global, Inc."
1409,IOSP,Innospec Inc.
1410,IPAR,"Inter Parfums, Inc."
1415,IPDN,"Professional Diversity Network, Inc."
1416,IPGP,IPG Photonics Corporation
1418,IPKW,PowerShares International BuyBack Achievers Portfolio
1419,IPWR,Ideal Power Inc.
1422,IRBT,iRobot Corporation
1423,IRDM,Iridium Communications Inc
1427,IRIX,IRIDEX Corporation
1428,IRMD,iRadimed Corporation
1429,IROQ,"IF Bancorp, Inc."
1430,IRWD,"Ironwood Pharmaceuticals, Inc."
1431,ISBC,"Investors Bancorp, Inc."
1433,ISHG,iShares S&P/Citigroup 1
1434,ISIG,"Insignia Systems, Inc."
1437,ISLE,"Isle of Capri Casinos, Inc."
1440,ISRG,"Intuitive Surgical, Inc."
1442,ISSC,"Innovative Solutions and Support, Inc."
1444,ISTR,Investar Holding Corporation
1445,ITCI,Intra
1446,ITIC,Investors Title Company
1447,ITRI,"Itron, Inc."
1448,ITRN,Ituran Location and Control Ltd.
1449,IVAC,"Intevac, Inc."
1450,IVAN,"Ivanhoe Energy, Inc."
1452,JACK,Jack In The Box Inc.
1456,JAKK,"JAKKS Pacific, Inc."
1461,JAZZ,Jazz Pharmaceuticals plc
1462,JBHT,"J.B. Hunt Transport Services, Inc."
1463,JBLU,JetBlue Airways Corporation
1464,JBSS,"John B. Sanfilippo & Son, Inc."
1465,JCOM,"j2 Global, Inc."
1466,JCS,"Communications Systems, Inc."
1467,JCTCF,Jewett
1468,JD,"JD.com, Inc."
1472,JJSF,J & J Snack Foods Corp.
1473,JKHY,"Jack Henry & Associates, Inc."
1475,JOBS,"51job, Inc."
1477,JOUT,Johnson Outdoors Inc.
1478,JRJC,China Finance Online Co. Limited
1479,JRVR,"James River Group Holdings, Ltd."
1480,JSM,SLM Corporation
1484,JVA,"Coffee Holding Co., Inc."
1486,JYNT,The Joint Corp.
1487,KALU,Kaiser Aluminum Corporation
1489,KBAL,"Kimball International, Inc."
1491,KBSF,KBS Fashion Group Limited
1493,KCLI,Kansas City Life Insurance Company
1494,KE,"Kimball Electronics, Inc."
1495,KELYA,"Kelly Services, Inc."
1496,KELYB,"Kelly Services, Inc."
1497,KEQU,Kewaunee Scientific Corporation
1500,KFFB,Kentucky First Federal Bancorp
1501,KFRC,"Kforce, Inc."
1503,KGJI,Kingold Jewelry Inc.
1504,KIN,"Kindred Biosciences, Inc."
1505,KINS,"Kingstone Companies, Inc"
1506,KIRK,"Kirkland's, Inc."
1508,KLAC,KLA
1509,KLIC,"Kulicke and Soffa Industries, Inc."
1511,KMDA,Kamada Ltd.
1512,KNDI,"Kandi Technologies Group, Inc."
1513,KONA,"Kona Grill, Inc."
1516,KOPN,Kopin Corporation
1517,KOSS,Koss Corporation
1518,KPTI,Karyopharm Therapeutics Inc.
1520,KRNY,Kearny Financial
1521,KTCC,Key Tronic Corporation
1522,KTEC,"Key Technology, Inc."
1523,KTOS,"Kratos Defense & Security Solutions, Inc."
1526,KVHI,"KVH Industries, Inc."
1527,KWEB,KraneShares CSI China Internet ETF
1533,LAKE,"Lakeland Industries, Inc."
1535,LAMR,Lamar Advertising Company
1536,LANC,Lancaster Colony Corporation
1537,LAND,Gladstone Land Corporation
1538,LARK,Landmark Bancorp Inc.
1539,LAWS,"Lawson Products, Inc."
1541,LBAI,"Lakeland Bancorp, Inc."
1543,LBRDA,Liberty Broadband Corporation
1544,LBRDK,Liberty Broadband Corporation
1546,LBTYA,Liberty Global plc
1547,LBTYB,Liberty Global plc
1548,LBTYK,Liberty Global plc
1549,LCNB,LCNB Corporation
1550,LCUT,"Lifetime Brands, Inc."
1553,LE,"Lands' End, Inc."
1554,LECO,"Lincoln Electric Holdings, Inc."
1555,LEDS,SemiLEDS Corporation
1559,LFUS,"Littelfuse, Inc."
1560,LFVN,Lifevantage Corporation
1564,LGIH,"LGI Homes, Inc."
1565,LGND,Ligand Pharmaceuticals Incorporated
1566,LHCG,LHC Group
1568,LINC,Lincoln Educational Services Corporation
1573,LIVE,"LiveDeal, Inc."
1574,LJPC,La Jolla Pharmaceutical Company
1575,LKFN,Lakeland Financial Corporation
1576,LKQ,LKQ Corporation
1578,LLNW,"Limelight Networks, Inc."
1580,LMAT,"LeMaitre Vascular, Inc."
1581,LMBS,First Trust Low Duration Mortgage Opportunities ETF
1586,LMNR,Limoneira Co
1590,LMRK,Landmark Infrastructure Partners LP
1594,LNDC,Landec Corporation
1595,LOAN,"Manhattan Bridge Capital, Inc"
1597,LOCO,"El Pollo Loco Holdings, Inc."
1598,LOGI,Logitech International S.A.
1603,LOPE,"Grand Canyon Education, Inc."
1604,LORL,"Loral Space and Communications, Inc."
1606,LPCN,Lipocine Inc.
1608,LPLA,LPL Financial Holdings Inc.
1611,LPSN,"LivePerson, Inc."
1612,LPTH,"LightPath Technologies, Inc."
1614,LQDT,"Liquidity Services, Inc."
1616,LRCX,Lam Research Corporation
1617,LSBK,"Lake Shore Bancorp, Inc."
1618,LSCC,Lattice Semiconductor Corporation
1619,LSTR,"Landstar System, Inc."
1620,LTBR,Lightbridge Corporation
1622,LTRPA,"Liberty TripAdvisor Holdings, Inc."
1623,LTRPB,"Liberty TripAdvisor Holdings, Inc."
1624,LTRX,"Lantronix, Inc."
1626,LULU,lululemon athletica inc.
1627,LUNA,Luna Innovations Incorporated
1630,LWAY,"Lifeway Foods, Inc."
1631,LXRX,"Lexicon Pharmaceuticals, Inc."
1632,LYTS,LSI Industries Inc.
1633,MACK,"Merrimack Pharmaceuticals, Inc."
1634,MAG,"Magnetek, Inc."
1635,MAGS,Magal Security Systems Ltd.
1637,MANH,"Manhattan Associates, Inc."
1638,MANT,ManTech International Corporation
1639,MAR,Marriott International
1640,MARA,"Marathon Patent Group, Inc."
1641,MARK,"Remark Media, Inc."
1642,MARPS,Marine Petroleum Trust
1643,MASI,Masimo Corporation
1644,MAT,"Mattel, Inc."
1646,MATW,Matthews International Corporation
1647,MAYS,"J. W. Mays, Inc."
1648,MBCN,Middlefield Banc Corp.
1651,MBII,"Marrone Bio Innovations, Inc."
1654,MBSD,FlexShares Disciplined Duration MBS Index Fund
1656,MBUU,"Malibu Boats, Inc."
1658,MBWM,Mercantile Bank Corporation
1659,MCBC,Macatawa Bank Corporation
1660,MCBK,"Madison County Financial, Inc."
1663,MCHP,Microchip Technology Incorporated
1664,MCHX,"Marchex, Inc."
1666,MCRI,"Monarch Casino & Resort, Inc."
1670,MDCA,MDC Partners Inc.
1672,MDIV,First Trust Exchange
1673,MDLZ,"Mondelez International, Inc."
1675,MDRX,"Allscripts Healthcare Solutions, Inc."
1680,MDWD,MediWound Ltd.
1681,MDXG,"MiMedx Group, Inc"
1683,MEIL,Methes Energies International Ltd
1686,MEIP,"MEI Pharma, Inc."
1688,MELI,"MercadoLibre, Inc."
1692,MEOH,Methanex Corporation
1693,MERC,Mercer International Inc.
1698,MFNC,Mackinac Financial Corporation
1703,MGEE,MGE Energy Inc.
1704,MGI,"Moneygram International, Inc."
1705,MGIC,Magic Software Enterprises Ltd.
1706,MGLN,"Magellan Health, Inc."
1707,MGNX,"MacroGenics, Inc."
1708,MGPI,"MGP Ingredients, Inc."
1709,MGRC,McGrath RentCorp
1710,MGYR,"Magyar Bancorp, Inc."
1712,MHLD,"Maiden Holdings, Ltd."
1714,MICT,"Micronet Enertec Technologies, Inc."
1716,MIDD,The Middleby Corporation
1719,MIND,"Mitcham Industries, Inc."
1721,MITK,"Mitek Systems, Inc."
1723,MKSI,"MKS Instruments, Inc."
1725,MKTX,"MarketAxess Holdings, Inc."
1726,MLAB,"Mesa Laboratories, Inc."
1727,MLHR,"Herman Miller, Inc."
1730,MLVF,"Malvern Bancorp, Inc."
1731,MMAC,"MMA Capital Management, LLC"
1732,MMLP,Martin Midstream Partners L.P.
1733,MMSI,"Merit Medical Systems, Inc."
1734,MMYT,MakeMyTrip Limited
1736,MNDO,MIND C.T.I. Ltd.
1738,MNKD,MannKind Corporation
1739,MNOV,"MediciNova, Inc."
1741,MNRO,"Monro Muffler Brake, Inc."
1742,MNST,Monster Beverage Corporation
1744,MNTX,"Manitex International, Inc."
1748,MOFG,"MidWestOne Financial Group, Inc."
1751,MOMO,Momo Inc.
1752,MORN,"Morningstar, Inc."
1753,MOSY,"MoSys, Inc."
1754,MPAA,"Motorcar Parts of America, Inc."
1755,MPB,Mid Penn Bancorp
1758,MPWR,"Monolithic Power Systems, Inc."
1759,MRCC,Monroe Capital Corporation
1760,MRCY,Mercury Systems Inc
1762,MRGE,Merge Healthcare Incorporated.
1764,MRLN,Marlin Business Services Corp.
1765,MRNS,"Marinus Pharmaceuticals, Inc."
1766,MRTN,"Marten Transport, Ltd."
1767,MRTX,"Mirati Therapeutics, Inc."
1769,MRVL,Marvell Technology Group Ltd.
1772,MSEX,Middlesex Water Company
1774,MSFT,Microsoft Corporation
1777,MSON,"MISONIX, Inc."
1778,MSTR,MicroStrategy Incorporated
1779,MTBC,"Medical Transcription Billing, Corp."
1780,MTEX,"Mannatech, Incorporated"
1783,MTLS,Materialise NV
1784,MTRX,Matrix Service Company
1786,MTSI,M/A
1787,MTSL,MER Telemanagement Solutions Ltd.
1789,MU,"Micron Technology, Inc."
1791,MVIS,"Microvision, Inc."
1793,MXIM,"Maxim Integrated Products, Inc."
1795,MYGN,"Myriad Genetics, Inc."
1798,MYRG,"MYR Group, Inc."
1800,NAII,"Natural Alternatives International, Inc."
1803,NATH,"Nathan's Famous, Inc."
1804,NATI,National Instruments Corporation
1806,NATR,"Nature's Sunshine Products, Inc."
1807,NAUH,"National American University Holdings, Inc."
1809,NAVI,Navient Corporation
1811,NBIX,"Neurocrine Biosciences, Inc."
1812,NBN,Northeast Bancorp
1814,NBTB,NBT Bancorp Inc.
1817,NCLH,Norwegian Cruise Line Holdings Ltd.
1818,NCMI,"National CineMedia, Inc."
1819,NCTY,The9 Limited
1820,NDAQ,"The NASDAQ OMX Group, Inc."
1821,NDLS,Noodles & Company
1823,NDSN,Nordson Corporation
1824,NECB,"Northeast Community Bancorp, Inc."
1825,NEO,"NeoGenomics, Inc."
1826,NEOG,Neogen Corporation
1827,NEON,Neonode Inc.
1829,NEPT,Neptune Technologies & Bioresources Inc
1830,NERV,"Minerva Neurosciences, Inc"
1831,NETE,"Net Element, Inc."
1832,NEWP,Newport Corporation
1834,NEWT,Newtek Business Services Corp.
1835,NFBK,"Northfield Bancorp, Inc."
1837,NFLX,"Netflix, Inc."
1841,NICE,NICE
1842,NICK,"Nicholas Financial, Inc."
1844,NKSH,"National Bankshares, Inc."
1845,NKTR,Nektar Therapeutics
1847,NLST,"Netlist, Inc."
1848,NMIH,NMI Holdings Inc
1850,NNBR,"NN, Inc."
1855,NRIM,Northrim BanCorp Inc
1857,NSEC,"National Security Group, Inc."
1858,NSIT,"Insight Enterprises, Inc."
1860,NSSC,"NAPCO Security Technologies, Inc."
1861,NSTG,"NanoString Technologies, Inc."
1862,NSYS,Nortech Systems Incorporated
1863,NTAP,"NetApp, Inc."
1864,NTCT,"NetScout Systems, Inc."
1865,NTES,"NetEase, Inc."
1866,NTGR,"NETGEAR, Inc."
1867,NTIC,Northern Technologies International Corporation
1871,NTRS,Northern Trust Corporation
1873,NTWK,NetSol Technologies Inc.
1874,NUAN,"Nuance Communications, Inc."
1875,NURO,"NeuroMetrix, Inc."
1877,NUVA,"NuVasive, Inc."
1878,NVAX,"Novavax, Inc."
1879,NVCN,Neovasc Inc.
1880,NVDA,NVIDIA Corporation
1882,NVEC,NVE Corporation
1883,NVEE,"NV5 Holdings, Inc."
1885,NVFY,"Nova Lifestyle, Inc"
1887,NVMI,Nova Measuring Instruments Ltd.
1889,NWBI,"Northwest Bancshares, Inc."
1890,NWBO,"Northwest Biotherapeutics, Inc."
1892,NWFL,Norwood Financial Corp.
1893,NWLI,National Western Life Insurance Company
1894,NWPX,Northwest Pipe Company
1895,NWS,News Corporation
1896,NWSA,News Corporation
1897,NXPI,NXP Semiconductors N.V.
1898,NXST,"Nexstar Broadcasting Group, Inc."
1899,NXTD,NXT
1902,NYMT,"New York Mortgage Trust, Inc."
1903,NYMTP,"New York Mortgage Trust, Inc."
1904,NYMX,Nymox Pharmaceutical Corporation
1906,OBAS,Optibase Ltd.
1907,OBCI,Ocean Bio
1908,OCC,Optical Cable Corporation
1909,OCFC,OceanFirst Financial Corp.
1913,OCUL,"Ocular Therapeutix, Inc."
1914,ODFL,"Old Dominion Freight Line, Inc."
1915,ODP,"Office Depot, Inc."
1916,OFED,Oconee Federal Financial Corp.
1917,OFIX,Orthofix International N.V.
1918,OFLX,"Omega Flex, Inc."
1919,OFS,OFS Capital Corporation
1924,OIIM,O2Micro International Limited
1927,OLED,Universal Display Corporation
1928,OMAB,Grupo Aeroportuario del Centro Norte S.A.B. de C.V.
1929,OMCL,"Omnicell, Inc."
1931,OMER,Omeros Corporation
1932,OMEX,"Odyssey Marine Exploration, Inc."
1933,ONB,Old National Bancorp
1934,ONCY,"Oncolytics Biotech, Inc."
1935,ONEQ,Fidelity Nasdaq Composite Index Tracking Stock
1938,ONTX,"Onconova Therapeutics, Inc."
1942,OPHC,"OptimumBank Holdings, Inc."
1944,OPOF,Old Point Financial Corporation
1945,OPTT,"Ocean Power Technologies, Inc."
1947,ORBC,ORBCOMM Inc.
1952,ORLY,"O'Reilly Automotive, Inc."
1953,ORMP,Oramed Pharmaceuticals Inc.
1955,ORRF,Orrstown Financial Services Inc
1956,OSBC,"Old Second Bancorp, Inc."
1960,OSIS,"OSI Systems, Inc."
1962,OSN,"Ossen Innovation Co., Ltd."
1963,OSTK,"Overstock.com, Inc."
1964,OSUR,"OraSure Technologies, Inc."
1966,OTEX,Open Text Corporation
1967,OTIC,"Otonomy, Inc."
1969,OTTR,Otter Tail Corporation
1972,OVBC,Ohio Valley Banc Corp.
1973,OVLY,Oak Valley Bancorp (CA)
1975,OXBR,Oxbridge Re Holdings Limited
1976,OXBRW,Oxbridge Re Holdings Limited
1979,OXLC,Oxford Lane Capital Corp.
1982,OXLCP,Oxford Lane Capital Corp.
1984,PAAS,Pan American Silver Corp.
1985,PACB,"Pacific Biosciences of California, Inc."
1986,PACW,PacWest Bancorp
1988,PAHC,Phibro Animal Health Corporation
1989,PANL,Pangaea Logistics Solutions Ltd.
1992,PATK,"Patrick Industries, Inc."
1993,PAYX,"Paychex, Inc."
1995,PBCT,"People's United Financial, Inc."
1996,PBHC,"Pathfinder Bancorp, Inc."
1998,PBIP,"Prudential Bancorp, Inc."
2000,PBPB,Potbelly Corporation
2002,PCAR,PACCAR Inc.
2005,PCH,Potlatch Corporation
2009,PCOM,"Points International, Ltd."
2010,PCRX,"Pacira Pharmaceuticals, Inc."
2011,PCTI,PC
2012,PCTY,Paylocity Holding Corporation
2014,PCYG,"Park City Group, Inc."
2015,PCYO,Pure Cycle Corporation
2016,PDBC,PowerShares DB Optimum Yield Diversified Commodity Strategy Portfolio
2017,PDCE,"PDC Energy, Inc."
2018,PDCO,"Patterson Companies, Inc."
2019,PDEX,Pro
2020,PDFS,"PDF Solutions, Inc."
2023,PEBK,"Peoples Bancorp of North Carolina, Inc."
2024,PEBO,Peoples Bancorp Inc.
2025,PEGA,Pegasystems Inc.
2028,PENN,"Penn National Gaming, Inc."
2032,PERI,Perion Network Ltd
2034,PESI,Perma
2036,PETS,"PetMed Express, Inc."
2038,PFBC,Preferred Bank
2039,PFBI,"Premier Financial Bancorp, Inc."
2040,PFBX,Peoples Financial Corporation
2041,PFIE,"Profire Energy, Inc."
2042,PFIN,"P & F Industries, Inc."
2043,PFIS,Peoples Financial Services Corp.
2044,PFLT,PennantPark Floating Rate Capital Ltd.
2045,PFMT,Performant Financial Corporation
2046,PFPT,"Proofpoint, Inc."
2047,PFSW,"PFSweb, Inc."
2048,PGC,Peapack
2050,PGTI,"PGT, Inc."
2056,PINC,"Premier, Inc."
2057,PKBK,"Parke Bancorp, Inc."
2058,PKOH,Park
2060,PLAB,"Photronics, Inc."
2061,PLAY,"Dave & Buster's Entertainment, Inc."
2062,PLBC,Plumas Bancorp
2063,PLCE,"Children's Place, Inc. (The)"
2068,PLPC,Preformed Line Products Company
2070,PLTM,First Trust ISE Global Platinum Index Fund
2071,PLUG,"Plug Power, Inc."
2072,PLUS,ePlus inc.
2073,PLXS,Plexus Corp.
2074,PMBC,Pacific Mercantile Bancorp
2076,PMD,Psychemedics Corporation
2077,PME,Pingtan Marine Enterprise Ltd.
2079,PNBK,Patriot National Bancorp Inc.
2080,PNFP,"Pinnacle Financial Partners, Inc."
2081,PNNT,PennantPark Investment Corporation
2082,PNQI,PowerShares Nasdaq Internet Portfolio
2084,PNRG,PrimeEnergy Corporation
2086,PODD,Insulet Corporation
2087,POOL,Pool Corporation
2089,POWI,"Power Integrations, Inc."
2090,POWL,"Powell Industries, Inc."
2092,PPBI,Pacific Premier Bancorp Inc
2093,PPC,Pilgrim's Pride Corporation
2096,PPSI,"Pioneer Power Solutions, Inc."
2097,PRAA,"PRA Group, Inc."
2101,PRFT,"Perficient, Inc."
2102,PRFZ,PowerShares FTSE RAFI US 1500 Small
2105,PRGS,Progress Software Corporation
2107,PRIM,Primoris Services Corporation
2108,PRKR,"ParkerVision, Inc."
2110,PRMW,Primo Water Corporation
2111,PROV,"Provident Financial Holdings, Inc."
2112,PRPH,"ProPhase Labs, Inc."
2113,PRQR,ProQR Therapeutics N.V.
2116,PRTA,Prothena Corporation plc
2117,PRTK,"Paratek Pharmaceuticals, Inc."
2119,PRTS,"U.S. Auto Parts Network, Inc."
2124,PSCC,PowerShares S&P SmallCap Consumer Staples Portfolio
2125,PSCD,PowerShares S&P SmallCap Consumer Discretionary Portfolio
2126,PSCE,PowerShares S&P SmallCap Energy Portfolio
2127,PSCF,PowerShares S&P SmallCap Financials Portfolio
2128,PSCH,PowerShares S&P SmallCap Health Care Portfolio
2129,PSCI,PowerShares S&P SmallCap Industrials Portfolio
2130,PSCM,PowerShares S&P SmallCap Materials Portfolio
2131,PSCT,PowerShares S&P SmallCap Information Technology Portfolio
2132,PSCU,PowerShares S&P SmallCap Utilities Portfolio
2134,PSEC,Prospect Capital Corporation
2136,PSIX,"Power Solutions International, Inc."
2137,PSMT,"PriceSmart, Inc."
2139,PSTI,"Pluristem Therapeutics, Inc."
2144,PTC,PTC Inc.
2145,PTCT,"PTC Therapeutics, Inc."
2146,PTEN,Patterson
2149,PTNR,Partner Communications Company Ltd.
2152,PTSI,"P.A.M. Transportation Services, Inc."
2157,PWOD,"Penns Woods Bancorp, Inc."
2160,PXLW,"Pixelworks, Inc."
2161,PZZA,"Papa John'S International, Inc."
2162,QABA,First Trust NASDAQ ABA Community Bank Index Fund
2163,QADA,QAD Inc.
2164,QADB,QAD Inc.
2165,QAT,iShares MSCI Qatar Capped ETF
2166,QBAK,Qualstar Corporation
2167,QCCO,"QC Holdings, Inc."
2168,QCLN,First Trust NASDAQ Clean Edge Green Energy Index Fund
2169,QCOM,QUALCOMM Incorporated
2170,QCRH,"QCR Holdings, Inc."
2171,QDEL,Quidel Corporation
2172,QGEN,Qiagen N.V.
2174,QIWI,QIWI plc
2175,QKLS,"QKL Stores, Inc."
2180,QLYS,"Qualys, Inc."
2181,QNST,"QuinStreet, Inc."
2182,QQEW,First Trust NASDAQ
2183,QQQ,"PowerShares QQQ Trust, Series 1"
2185,QQQX,Nuveen NASDAQ 100 Dynamic Overwrite Fund
2186,QQXT,First Trust NASDAQ
2187,QRHC,Quest Resource Holding Corporation.
2188,QRVO,"Qorvo, Inc."
2190,QTEC,First Trust NASDAQ
2191,QTNT,Quotient Limited
2194,QUIK,QuickLogic Corporation
2195,QUMU,Qumu Corporation
2197,QURE,uniQure N.V.
2200,QYLD,Recon Capital NASDAQ
2201,RADA,Rada Electronics Industries Limited
2202,RAIL,"Freightcar America, Inc."
2203,RAND,Rand Capital Corporation
2204,RARE,Ultragenyx Pharmaceutical Inc.
2205,RAVE,"Rave Restaurant Group, Inc."
2206,RAVN,"Raven Industries, Inc."
2207,RBCAA,"Republic Bancorp, Inc."
2208,RBCN,"Rubicon Technology, Inc."
2210,RCII,Rent
2211,RCKY,"Rocky Brands, Inc."
2212,RCMT,"RCM Technologies, Inc."
2213,RCON,"Recon Technology, Ltd."
2216,RDCM,Radcom Ltd.
2218,RDHL,Redhill Biopharma Ltd.
2219,RDI,Reading International Inc
2220,RDIB,Reading International Inc
2221,RDNT,"RadNet, Inc."
2222,RDUS,"Radius Health, Inc."
2223,RDVY,First Trust NASDAQ Rising Dividend Achievers ETF
2224,RDWR,Radware Ltd.
2227,REFR,Research Frontiers Incorporated
2228,REGI,"Renewable Energy Group, Inc."
2229,REGN,"Regeneron Pharmaceuticals, Inc."
2231,RELL,"Richardson Electronics, Ltd."
2232,RELV,"Reliv' International, Inc."
2235,REPH,"Recro Pharma, Inc."
2236,RESN,Resonant Inc.
2239,RFIL,"RF Industries, Ltd."
2240,RGCO,RGC Resources Inc.
2243,RGEN,Repligen Corporation
2244,RGLD,"Royal Gold, Inc."
2245,RGLS,Regulus Therapeutics Inc.
2247,RIBT,RiceBran Technologies
2249,RICK,"RCI Hospitality Holdings, Inc."
2250,RIGL,"Rigel Pharmaceuticals, Inc."
2259,RMBS,"Rambus, Inc."
2260,RMCF,"Rocky Mountain Chocolate Factory, Inc."
2262,RMTI,"Rockwell Medical, Inc."
2263,RNA,Prosensa Holding N.V.
2265,RNST,Renasant Corporation
2266,RNWK,"RealNetworks, Inc."
2267,ROBO,Robo
2268,ROCK,"Gibraltar Industries, Inc."
2271,ROIC,Retail Opportunity Investments Corp.
2276,ROLL,RBC Bearings Incorporated
2279,ROST,"Ross Stores, Inc."
2281,ROYL,"Royale Energy, Inc."
2283,RPRX,Repros Therapeutics Inc.
2288,RRD,R.R. Donnelley & Sons Company
2289,RRGB,"Red Robin Gourmet Burgers, Inc."
2297,RUSHA,"Rush Enterprises, Inc."
2298,RUSHB,"Rush Enterprises, Inc."
2299,RUTH,"Ruth's Hospitality Group, Inc."
2302,RVNC,"Revance Therapeutics, Inc."
2303,RVSB,Riverview Bancorp Inc
2304,RWLK,ReWalk Robotics Ltd
2305,RXDX,"Ignyta, Inc."
2307,RYAAY,Ryanair Holdings plc
2309,SABR,Sabre Corporation
2311,SAFM,"Sanderson Farms, Inc."
2312,SAFT,"Safety Insurance Group, Inc."
2313,SAGE,"Sage Therapeutics, Inc."
2314,SAIA,"Saia, Inc."
2316,SAL,"Salisbury Bancorp, Inc."
2318,SALM,Salem Communications Corporation
2319,SAMG,Silvercrest Asset Management Group Inc.
2320,SANM,Sanmina Corporation
2321,SANW,S&W Seed Company
2324,SASR,"Sandy Spring Bancorp, Inc."
2325,SATS,EchoStar Corporation
2326,SAVE,"Spirit Airlines, Inc."
2327,SBAC,SBA Communications Corporation
2329,SBCF,Seacoast Banking Corporation of Florida
2331,SBFG,"SB Financial Group, Inc."
2332,SBGI,"Sinclair Broadcast Group, Inc."
2333,SBLK,Star Bulk Carriers Corp.
2335,SBNY,Signature Bank
2337,SBRA,"Sabra Healthcare REIT, Inc."
2340,SBSI,"Southside Bancshares, Inc."
2341,SBUX,Starbucks Corporation
2343,SCHL,Scholastic Corporation
2344,SCHN,"Schnitzer Steel Industries, Inc."
2348,SCON,Superconductor Technologies Inc.
2349,SCOR,"comScore, Inc."
2350,SCSC,"ScanSource, Inc."
2352,SCTY,SolarCity Corporation
2353,SCVL,"Shoe Carnival, Inc."
2354,SCYX,"SCYNEXIS, Inc."
2355,SEAC,"SeaChange International, Inc."
2356,SEED,Origin Agritech Limited
2357,SEIC,SEI Investments Company
2359,SENEA,Seneca Foods Corp.
2360,SENEB,Seneca Foods Corp.
2362,SFBC,"Sound Financial Bancorp, Inc."
2363,SFBS,"ServisFirst Bancshares, Inc."
2365,SFM,"Sprouts Farmers Market, Inc."
2366,SFNC,Simmons First National Corporation
2367,SFST,"Southern First Bancshares, Inc."
2370,SGC,"Superior Uniform Group, Inc."
2371,SGEN,"Seattle Genetics, Inc."
2373,SGMA,"SigmaTron International, Inc."
2374,SGMO,"Sangamo BioSciences, Inc."
2375,SGMS,Scientific Games Corp
2378,SGOC,"SGOCO Group, Ltd"
2379,SGRP,"SPAR Group, Inc."
2383,SHBI,Shore Bancshares Inc
2384,SHEN,Shenandoah Telecommunications Co
2385,SHIP,Seanergy Maritime Holdings Corp
2386,SHLD,Sears Holdings Corporation
2390,SHOO,"Steven Madden, Ltd."
2396,SIEB,Siebert Financial Corp.
2397,SIEN,"Sientra, Inc."
2399,SIFY,Sify Technologies Limited
2400,SIGA,SIGA Technologies Inc.
2401,SIGI,"Selective Insurance Group, Inc."
2403,SILC,Silicom Ltd
2405,SIMO,Silicon Motion Technology Corporation
2407,SINO,Sino
2408,SIRI,Sirius XM Holdings Inc.
2410,SIVB,SVB Financial Group
2412,SIXD,"6D Global Technologies, Inc."
2415,SKOR,FlexShares Credit
2418,SKYW,"SkyWest, Inc."
2419,SKYY,First Trust ISE Cloud Computing Index Fund
2420,SLAB,"Silicon Laboratories, Inc."
2421,SLCT,"Select Bancorp, Inc."
2422,SLGN,Silgan Holdings Inc.
2423,SLM,SLM Corporation
2425,SLMBP,SLM Corporation
2426,SLP,"Simulations Plus, Inc."
2427,SLRC,Solar Capital Ltd.
2429,SLVO,Credit Suisse AG
2434,SMBC,"Southern Missouri Bancorp, Inc."
2435,SMCI,"Super Micro Computer, Inc."
2436,SMED,Sharps Compliance Corp
2437,SMIT,"Schmitt Industries, Inc."
2438,SMLR,"Semler Scientific, Inc."
2439,SMMF,"Summit Financial Group, Inc."
2440,SMPL,Simplicity Bancorp Inc.
2442,SMSI,"Smith Micro Software, Inc."
2444,SMTC,Semtech Corporation
2450,SNCR,"Synchronoss Technologies, Inc."
2452,SNFCA,Security National Financial Corporation
2455,SNPS,"Synopsys, Inc."
2459,SOCL,Global X Social Media Index ETF
2461,SOFO,"Sonic Foundry, Inc."
2462,SOHO,Sotherly Hotels Inc.
2465,SOHU,Sohu.com Inc.
2470,SOXX,iShares PHLX SOX Semiconductor Sector Index Fund
2471,SP,SP Plus Corporation
2474,SPCB,"SuperCom, Ltd."
2475,SPDC,"Speed Commerce, Inc."
2477,SPHS,"Sophiris Bio, Inc."
2479,SPKE,"Spark Energy, Inc."
2480,SPLK,Splunk Inc.
2483,SPNS,Sapiens International Corporation N.V.
2484,SPOK,"Spok Holdings, Inc."
2485,SPPI,"Spectrum Pharmaceuticals, Inc."
2489,SPRO,SmartPros Ltd.
2490,SPRT,"support.com, Inc."
2491,SPSC,"SPS Commerce, Inc."
2492,SPTN,SpartanNash Company
2494,SPWH,"Sportsman's Warehouse Holdings, Inc."
2495,SPWR,SunPower Corporation
2496,SQBG,"Sequential Brands Group, Inc."
2500,SQQQ,ProShares UltraPro Short QQQ
2501,SRCE,1st Source Corporation
2502,SRCL,"Stericycle, Inc."
2503,SRDX,"SurModics, Inc."
2504,SREV,"ServiceSource International, Inc."
2505,SRNE,"Sorrento Therapeutics, Inc."
2506,SRPT,"Sarepta Therapeutics, Inc."
2508,SSB,South State Corporation
2509,SSBI,Summit State Bank
2512,SSNC,"SS&C Technologies Holdings, Inc."
2515,SSYS,"Stratasys, Ltd."
2516,STAA,STAAR Surgical Company
2518,STBA,"S&T Bancorp, Inc."
2521,STEM,"StemCells, Inc."
2522,STFC,State Auto Financial Corporation
2523,STKL,"SunOpta, Inc."
2524,STLD,"Steel Dynamics, Inc."
2527,STMP,Stamps.com Inc.
2530,STRA,"Strayer Education, Inc."
2531,STRL,Sterling Construction Company Inc
2532,STRM,"Streamline Health Solutions, Inc."
2534,STRS,"Stratus Properties, Inc."
2535,STRT,Strattec Security Corporation
2538,STX,Seagate Technology.
2539,STXS,"Stereotaxis, Inc."
2541,SUMR,"Summer Infant, Inc."
2542,SUNS,Solar Senior Capital Ltd.
2543,SUPN,"Supernus Pharmaceuticals, Inc."
2544,SURG,"Synergetics USA, Inc."
2548,SVBI,Severn Bancorp Inc
2549,SVVC,"Firsthand Technology Value Fund, Inc."
2551,SWIR,"Sierra Wireless, Inc."
2552,SWKS,"Skyworks Solutions, Inc."
2554,SYBT,"Stock Yards Bancorp, Inc."
2555,SYKE,"Sykes Enterprises, Incorporated"
2558,SYNA,Synaptics Incorporated
2560,SYNL,Synalloy Corporation
2562,SYPR,"Sypris Solutions, Inc."
2567,TACT,TransAct Technologies Incorporated
2568,TAIT,Taitron Components Incorporated
2571,TAST,"Carrols Restaurant Group, Inc."
2572,TATT,TAT Technologies Ltd.
2575,TAYD,"Taylor Devices, Inc."
2576,TBBK,"The Bancorp, Inc."
2577,TBIO,"Transgenomic, Inc."
2578,TBK,"Triumph Bancorp, Inc."
2579,TBNK,Territorial Bancorp Inc.
2580,TBPH,"Theravance Biopharma, Inc."
2581,TCBI,"Texas Capital Bancshares, Inc."
2585,TCBK,TriCo Bancshares
2586,TCCO,Technical Communications Corporation
2587,TCFC,The Community Financial Corporation
2588,TCPC,TCP Capital Corp.
2590,TCX,Tucows Inc.
2591,TDIV,First Trust Exchange
2594,TECH,Bio
2596,TEDU,"Tarena International, Inc."
2597,TENX,"Tenax Therapeutics, Inc."
2600,TESS,TESSCO Technologies Incorporated
2606,TFSL,TFS Financial Corporation
2607,TGA,Transglobe Energy Corp
2609,TGEN,Tecogen Inc.
2610,TGLS,Tecnoglass Inc.
2611,TGTX,"TG Therapeutics, Inc."
2612,THFF,First Financial Corporation Indiana
2615,THRM,Gentherm Inc
2617,THST,Truett
2620,TIGR,TigerLogic Corporation
2621,TILE,"Interface, Inc."
2623,TIPT,Tiptree Financial Inc.
2625,TITN,Titan Machinery Inc.
2631,TLOG,TetraLogic Pharmaceuticals Corporation
2633,TNDM,"Tandem Diabetes Care, Inc."
2635,TNXP,Tonix Pharmaceuticals Holding Corp.
2636,TOPS,TOP Ships Inc.
2637,TORM,TOR Minerals International Inc
2638,TOUR,Tuniu Corporation
2639,TOWN,Towne Bank
2640,TQQQ,ProShares UltraPro QQQ
2644,TREE,"LendingTree, Inc."
2646,TRIB,Trinity Biotech plc
2647,TRIL,Trillium Therapeutics Inc.
2648,TRIP,"TripAdvisor, Inc."
2650,TRMB,Trimble Navigation Limited
2651,TRMK,Trustmark Corporation
2652,TRNS,"Transcat, Inc."
2653,TRNX,Tornier N.V.
2657,TROW,"T. Rowe Price Group, Inc."
2658,TRS,TriMas Corporation
2659,TRST,TrustCo Bank Corp NY
2663,TRUE,"TrueCar, Inc."
2664,TRVN,"Trevena, Inc."
2665,TSBK,"Timberland Bancorp, Inc."
2666,TSC,"TriState Capital Holdings, Inc."
2667,TSCO,Tractor Supply Company
2668,TSEM,Tower Semiconductor Ltd.
2669,TSLA,"Tesla Motors, Inc."
2672,TSRI,"TSR, Inc."
2676,TTEC,"TeleTech Holdings, Inc."
2677,TTEK,"Tetra Tech, Inc."
2678,TTGT,"TechTarget, Inc."
2680,TTMI,"TTM Technologies, Inc."
2681,TTOO,"T2 Biosystems, Inc."
2684,TTWO,Take
2687,TUSA,First Trust Total US Market AlphaDEX ETF
2690,TWER,Towerstream Corporation
2691,TWIN,"Twin Disc, Incorporated"
2693,TWOU,"2U, Inc."
2694,TXN,Texas Instruments Incorporated
2695,TXRH,"Texas Roadhouse, Inc."
2697,TZOO,Travelzoo Inc.
2699,UAE,iShares MSCI UAE Capped ETF
2700,UBCP,"United Bancorp, Inc."
2701,UBFO,United Security Bancshares
2705,UBOH,"United Bancshares, Inc."
2707,UBSI,"United Bankshares, Inc."
2709,UCBI,"United Community Banks, Inc."
2711,UCTT,"Ultra Clean Holdings, Inc."
2713,UEIC,Universal Electronics Inc.
2714,UEPS,"Net 1 UEPS Technologies, Inc."
2715,UFCS,"United Fire Group, Inc"
2716,UFPI,"Universal Forest Products, Inc."
2717,UFPT,"UFP Technologies, Inc."
2718,UG,United
2720,UHAL,Amerco
2721,UIHC,United Insurance Holdings Corp.
2722,ULBI,Ultralife Corporation
2723,ULTA,"Ulta Salon, Cosmetics & Fragrance, Inc."
2725,ULTR,Ultrapetrol (Bahamas) Limited
2726,UMBF,UMB Financial Corporation
2727,UMPQ,Umpqua Holdings Corporation
2728,UNAM,Unico American Corporation
2729,UNB,"Union Bankshares, Inc."
2730,UNFI,"United Natural Foods, Inc."
2733,UNTY,"Unity Bancorp, Inc."
2737,UPLD,"Upland Software, Inc."
2738,URBN,"Urban Outfitters, Inc."
2740,USAK,"USA Truck, Inc."
2741,USAP,"Universal Stainless & Alloy Products, Inc."
2745,USCR,"U S Concrete, Inc."
2746,USEG,U.S. Energy Corp.
2747,USLM,"United States Lime & Minerals, Inc."
2752,UTHR,United Therapeutics Corporation
2754,UTMD,"Utah Medical Products, Inc."
2755,UTSI,UTStarcom Holdings Corp
2756,UVSP,Univest Corporation of Pennsylvania
2758,VALU,"Value Line, Inc."
2761,VBFC,Village Bank and Trust Financial Corp.
2762,VBIV,VBI Vaccines Inc.
2763,VBLT,Vascular Biogenics Ltd.
2764,VBND,Vident Core U.S. Bond Strategy Fund
2765,VBTX,"Veritex Holdings, Inc."
2766,VCEL,Vericel Corporation
2767,VCIT,Vanguard Intermediate
2768,VCLT,Vanguard Long
2769,VCSH,Vanguard Short
2770,VCYT,"Veracyte, Inc."
2772,VECO,Veeco Instruments Inc.
2774,VGIT,Vanguard Intermediate
2775,VGLT,Vanguard Long
2776,VGSH,Vanguard Short
2781,VICR,Vicor Corporation
2782,VIDE,Video Display Corporation
2783,VIDI,Vident International Equity Fund
2784,VIEW,"Viewtran Group, Inc."
2788,VIP,VimpelCom Ltd.
2789,VIRC,Virco Manufacturing Corporation
2791,VIVO,Meridian Bioscience Inc.
2793,VLGEA,"Village Super Market, Inc."
2796,VMBS,Vanguard Mortgage
2797,VNDA,Vanda Pharmaceuticals Inc.
2798,VNET,"21Vianet Group, Inc."
2799,VNOM,Viper Energy Partners LP
2800,VNQI,Vanguard Global ex
2805,VOD,Vodafone Group Plc
2807,VONE,Vanguard Russell 1000 ETF
2808,VONG,Vanguard Russell 1000 Growth ETF
2809,VONV,Vanguard Russell 1000 Value ETF
2810,VOXX,VOXX International Corporation
2812,VRA,"Vera Bradley, Inc."
2816,VRNS,"Varonis Systems, Inc."
2817,VRNT,Verint Systems Inc.
2818,VRSK,"Verisk Analytics, Inc."
2819,VRSN,"VeriSign, Inc."
2820,VRTA,"Vestin Realty Mortgage I, Inc."
2821,VRTB,"Vestin Realty Mortgage II, Inc."
2822,VRTS,"Virtus Investment Partners, Inc."
2824,VRTX,Vertex Pharmaceuticals Incorporated
2826,VSAT,"ViaSat, Inc."
2829,VSEC,VSE Corporation
2830,VSTM,"Verastem, Inc."
2832,VTHR,Vanguard Russell 3000 ETF
2833,VTIP,Vanguard Short
2835,VTNR,"Vertex Energy, Inc"
2837,VTWG,Vanguard Russell 2000 Growth ETF
2838,VTWO,Vanguard Russell 2000 ETF
2839,VTWV,Vanguard Russell 2000 Value ETF
2840,VUSE,Vident Core US Equity ETF
2842,VWOB,Vanguard Emerging Markets Government Bond ETF
2844,VXUS,Vanguard Total International Stock ETF
2846,WABC,Westamerica Bancorporation
2847,WAFD,"Washington Federal, Inc."
2849,WASH,"Washington Trust Bancorp, Inc."
2850,WATT,Energous Corporation
2852,WAYN,Wayne Savings Bancshares Inc.
2853,WB,Weibo Corporation
2854,WBA,"Walgreens Boots Alliance, Inc."
2858,WDC,Western Digital Corporation
2859,WDFC,WD
2861,WEN,Wendy's Company (The)
2862,WERN,"Werner Enterprises, Inc."
2863,WETF,"WisdomTree Investments, Inc."
2864,WEYS,"Weyco Group, Inc."
2869,WHF,"WhiteHorse Finance, Inc."
2871,WHLM,"Wilhelmina International, Inc."
2872,WHLR,"Wheeler Real Estate Investment Trust, Inc."
2873,WHLRP,"Wheeler Real Estate Investment Trust, Inc."
2877,WILC,G. Willi
2880,WINA,Winmark Corporation
2881,WIRE,Encore Wire Corporation
2882,WIX,Wix.com Ltd.
2885,WLDN,"Willdan Group, Inc."
2886,WLFC,Willis Lease Finance Corporation
2893,WOOD,iShares S&P Global Timber & Forestry Index Fund
2894,WOOF,VCA Inc.
2897,WPRT,Westport Innovations Inc
2899,WRLD,World Acceptance Corporation
2900,WSBC,"WesBanco, Inc."
2901,WSBF,"Waterstone Financial, Inc."
2903,WSFS,WSFS Financial Corporation
2906,WSTG,"Wayside Technology Group, Inc."
2907,WSTL,"Westell Technologies, Inc."
2908,WTBA,West Bancorporation
2909,WTFC,Wintrust Financial Corporation
2912,WVFC,WVS Financial Corp.
2913,WVVI,"Willamette Valley Vineyards, Inc."
2914,WWD,"Woodward, Inc."
2916,WYNN,"Wynn Resorts, Limited"
2919,XENE,Xenon Pharmaceuticals Inc.
2920,XENT,"Intersect ENT, Inc."
2924,XLNX,"Xilinx, Inc."
2925,XLRN,Acceleron Pharma Inc.
2926,XNCR,"Xencor, Inc."
2927,XNET,Xunlei Limited
2929,XOMA,XOMA Corporation
2930,XONE,The ExOne Company
2933,XRAY,DENTSPLY International Inc.
2934,XTLB,XTL Biopharmaceuticals Ltd.
2939,YNDX,Yandex N.V.
2941,YORW,The York Water Company
2944,YY,YY Inc.
2945,Z,"Zillow, Inc."
2948,ZBRA,Zebra Technologies Corporation
2949,ZEUS,"Olympic Steel, Inc."
2951,ZGNX,"Zogenix, Inc."
2954,ZION,Zions Bancorporation
2957,ZIOP,ZIOPHARM Oncology Inc
2959,ZIXI,Zix Corporation
2962,ZNGA,Zynga Inc.
2965,ZUMZ,Zumiez Inc.
